id;first_name;last_name;gender;email;countryId
1;Farr;Domenge;Male;fdomenge0@yahoo.co.jp;138
2;Rickey;Taylot;Male;rtaylot1@acquirethisname.com;554
3;Alberto;Archbald;Genderqueer;aarchbald2@elpais.com;21
4;Prentiss;Bockett;Male;pbockett3@cbsnews.com;3
5;Chickie;Bickerdicke;Male;cbickerdicke4@themeforest.net;554
6;Roxanne;Scutcheon;Female;rscutcheon5@themeforest.net;21
7;Erskine;Shingles;Male;eshingles6@163.com;3
8;Clarabelle;Froud;Female;cfroud7@acquirethisname.com;138
9;Garnette;Kacheler;Female;gkacheler8@usnews.com;138
10;Kenny;Alton;Male;kalton9@blogspot.com;3
